gene,pdb,residue,mutation,variant
notch1,3i08,1449,C1449Y,ANY
notch1,3i08,1454,C1454S,ANY
notch1,3i08,1454,C1454F,ANY
notch1,3i08,1454,C1454G,ANY
notch1,3i08,1463,C1463S,ANY
notch1,3i08,1467,C1467S,ANY
notch1,3i08,1472,C1472G,ANY
notch1,3i08,1475,D1475H,ANY
notch1,3i08,1475,D1475V,ANY
notch1,3i08,1475,D1475N,ANY
notch1,3i08,1479,C1479F,ANY
notch1,3i08,1479,C1479S,ANY
notch1,3i08,1479,C1479Y,ANY
notch1,3i08,1480,S1480F,ANY
notch1,3i08,1484,N1484Y,ANY
notch1,3i08,1486,P1486F,ANY
notch1,3i08,1487,W1487L,ANY
notch1,3i08,1490,C1490Y,ANY
notch1,3i08,1496,C1496F,ANY
notch1,3i08,1497,W1497C,ANY
notch1,3i08,1502,D1502G,ANY
notch1,3i08,1505,C1505R,ANY
notch1,3i08,1505,C1505W,ANY
notch1,3i08,1509,C1509R,ANY
notch1,3i08,1516,F1516L,ANY
notch1,3i08,1517,D1517Y,ANY
notch1,3i08,1517,D1517G,ANY
notch1,3i08,1517,D1517N,ANY
notch1,3i08,1536,C1536Y,ANY
notch1,3i08,1548,G1548S,ANY
notch1,3i08,1548,G1548D,ANY
notch1,3i08,1548,G1548N,ANY
notch1,3i08,1566,P1566S,ANY
notch1,3i08,1576,V1576M,ANY
notch1,3i08,1581,P1581L,ANY
notch1,3i08,1583,E1583K,ANY
notch1,3i08,1587,N1587S,ANY
notch1,3i08,1589,S1589F,ANY
notch1,3i08,1594,R1594Q,ANY
notch1,3i08,1598,R1598C,ANY
notch1,3i08,1606,F1606Y,ANY
notch1,3i08,1611,H1611L,ANY
notch1,3i08,1618,P1618L,ANY
notch1,3i08,1679,E1679K,ANY
notch1,3i08,1683,R1683W,ANY
notch1,3i08,1689,S1689F,ANY
notch1,3i08,1690,S1690L,ANY
notch1,3i08,1697,T1697I,ANY
notch1,3i08,1704,G1704R,ANY
notch1,3i08,1715,P1715S,ANY
notch1,3i08,1715,P1715L,ANY
notch1,3i08,1723,S1723N,ANY
notch1,3i08,1725,T1725I,ANY
notch1,3i08,1726,V1726M,ANY
