gene,accession,pdb,residue,mutation,variant
MET,P08581,6sde,1078,P1078L,ANY
MET,P08581,6sde,1079,E1079K,ANY
MET,P08581,6sde,1104,R1104K,ANY
MET,P08581,6sde,1124,H1124P,ANY
MET,P08581,6sde,1129,S1129F,ANY
MET,P08581,6sde,1137,G1137R,ANY
MET,P08581,6sde,1138,E1138K,ANY
MET,P08581,6sde,1148,I1148V,ANY
MET,P08581,6sde,1162,G1162E,ANY
MET,P08581,6sde,1168,E1168K,ANY
MET,P08581,6sde,1170,S1170F,ANY
MET,P08581,6sde,1171,P1171S,ANY
MET,P08581,6sde,1171,P1171L,ANY
MET,P08581,6sde,1173,V1173M,ANY
MET,P08581,6sde,1176,P1176L,ANY
MET,P08581,6sde,1176,P1176S,ANY
MET,P08581,6sde,1183,L1183F,ANY
MET,P08581,6sde,1194,P1194S,ANY
MET,P08581,6sde,1194,P1194L,ANY
MET,P08581,6sde,1195,T1195I,ANY
MET,P08581,6sde,1210,M1210V,ANY
MET,P08581,6sde,1226,R1226K,ANY
MET,P08581,6sde,1238,V1238A,ANY
MET,P08581,6sde,1283,D1283Y,ANY
MET,P08581,6sde,1287,F1287L,ANY
MET,P08581,6sde,1288,G1288N,ANY
MET,P08581,6sde,1295,M1295I,ANY
MET,P08581,6sde,1301,P1301F,ANY
MET,P08581,6sde,1317,G1317E,ANY
MET,P08581,6sde,1318,R1318K,ANY
MET,P08581,6sde,1323,P1323L,ANY
MET,P08581,6sde,1323,P1323S,ANY
MET,P08581,6sde,1335,L1335Q,ANY
MET,P08581,6sde,1340,P1340S,ANY
MET,P08581,6sde,1341,K1341R,ANY
MET,P08581,6sde,1342,A1342T,ANY
MET,P08581,6sde,1343,E1343K,ANY
MET,P08581,6sde,1344,M1344T,ANY
