gene,accession,pdb,variant,chain,gene_no,gene_mut,pdb_residue,pdb_mut
NOTCH1,P46531,smexp_1pb5_1446_1480,ANY,A,1449,C1449Y,4,C4Y
NOTCH1,P46531,smexp_1pb5_1446_1480,ANY,A,1454,C1454S,9,C9S
NOTCH1,P46531,smexp_1pb5_1446_1480,ANY,A,1454,C1454G,9,C9G
NOTCH1,P46531,smexp_1pb5_1446_1480,ANY,A,1454,C1454F,9,C9F
NOTCH1,P46531,smexp_1pb5_1446_1480,ANY,A,1463,C1463S,18,C18S
NOTCH1,P46531,smexp_1pb5_1446_1480,ANY,A,1467,C1467S,22,C22S
NOTCH1,P46531,smexp_1pb5_1446_1480,ANY,A,1472,C1472G,27,C27G
NOTCH1,P46531,smexp_1pb5_1446_1480,ANY,A,1475,D1475V,30,D30V
NOTCH1,P46531,smexp_1pb5_1446_1480,ANY,A,1475,D1475N,30,D30N
NOTCH1,P46531,smexp_1pb5_1446_1480,ANY,A,1475,D1475H,30,D30H
NOTCH1,P46531,smexp_1pb5_1446_1480,ANY,A,1479,C1479S,34,C34S
NOTCH1,P46531,smexp_1pb5_1446_1480,ANY,A,1479,C1479Y,34,C34Y
NOTCH1,P46531,smexp_1pb5_1446_1480,ANY,A,1479,C1479F,34,C34F
NOTCH1,P46531,smexp_1pb5_1446_1480,ANY,A,1480,S1480F,35,S35F
