gene,pdb,method,resolution,coverage
notch1,AF-P46531-F1-model_v2,alphafold,,1:1155 1156:2555 
notch1,1pb5,nmr,,1446:1480 
notch1,1toz,nmr,,411:526 
notch1,1yyh,x-ray,1.9,1926:2114 
notch1,2f8x,x-ray,3.25,1883:1891 1908:1915 1919:2119 
notch1,2f8y,x-ray,1.55,1908:2122 1908:2116 
notch1,3i08,x-ray,3.2,1448:1621 1669:1728 1671:1728 
notch1,3l95,x-ray,2.19,1690:1726 1460:1522 
notch1,3nbn,x-ray,3.45,1923:2118 
notch1,3v79,x-ray,3.85,1883:1891 1908:1915 1919:2119 1759:1777 
notch1,5fm9,x-ray,2.92,141:294 
notch1,5fma,x-ray,2.46,142:157 
notch1,5kzo,nmr,,1721:1771 
notch1,5l0r,x-ray,1.5,453:491 
notch1,6py8,x-ray,3.75,1759:1777 1874:1891 1903:2119 1874:1892 1900:2119 
